totalEngagements;facebook;twitter;pinterest;reddit;country;source;date;title;url
50;13;36;0;1;FR;Le Monde;2017-06-23;Embellie en vue pour l’économie mozambicaine;http://www.lemonde.fr/economie/article/2017/06/23/embellie-en-vue-pour-l-economie-mozambicaine_5149895_3234.html
20;16;4;0;0;FR;Libération;2017-10-23;Glyphosate : Nicolas Hulot propose de limiter le renouvellement européen à trois ans;http://www.liberation.fr/direct/element/glyphosate-nicolas-hulot-propose-de-limiter-le-renouvellement-europeen-a-trois-ans_72636/
50;16;34;0;0;FR;Le Figaro;2017-07-12;Woody Allen : des Femen interrompent son concert à Hambourg;http://www.lefigaro.fr/cinema/2017/07/12/03002-20170712ARTFIG00179-woody-allen-des-femen-interrompent-son-concert-a-hambourg.php
54;51;3;0;0;FR;Le Gorafi;2018-08-10;Selon une psychologue, les comédies romantiques risquent de pousser les jeunes à tomber amoureux;http://www.legorafi.fr/2018/08/10/selon-une-psychologue-les-comedies-romantiques-risquent-de-pousser-les-jeunes-a-tomber-amoureux/
100;44;55;0;0;FR;Le Monde;2017-11-03;Quatre étrangers enlevés dans le sud de la Libye;http://www.lemonde.fr/afrique/article/2017/11/03/quatre-etrangers-enleves-dans-le-sud-de-la-libye_5209934_3212.html
100;98;2;0;0;FR;Le Figaro;2018-03-01;Les bassins du château de Fontainebleau transformés en patinoire;http://video.lefigaro.fr/figaro/video/les-bassins-du-chateau-de-fontainebleau-transformes-en-patinoire/5742945461001/
144;142;2;0;0;FR;Le Gorafi;2017-12-06;[Vidéo] 58 secondes pour tout savoir de THE CROWN saison 2;http://www.legorafi.fr/2017/12/06/video-58-secondes-pour-comprendre-the-crown-saison-2/
200;160;40;0;0;FR;Le Monde;2017-10-10;Des corbeaux entrainés à ramasser les mégots;http://lesclesdedemain.lemonde.fr/societe/des-corbeaux-entraines-a-ramasser-les-megots_a-91-6342.html
200;194;6;0;0;FR;Libération;2019-04-10;Soudan : le président Omar el-Béchir destitué par l'armée;https://www.liberation.fr/planete/2019/04/10/soudan-le-president-omar-el-bechir-destitue-par-l-armee_1720471
200;155;44;0;0;FR;Le Figaro;2017-09-01;Le tourisme français confirme sa reprise avec un bel été;http://www.lefigaro.fr/conjoncture/2017/09/01/20002-20170901ARTFIG00106-le-tourisme-francais-confirme-sa-reprise-avec-un-bel-ete.php
176;52;124;0;0;FR;Le Gorafi;2017-10-19;Féminisme – Les meilleures idées des femmes seront affichées sur le frigo de l’Elysée;http://madame.legorafi.fr/2017/10/19/feminisme-les-meilleures-idees-des-femmes-seront-affichees-sur-le-frigo-de-lelysee/
300;235;65;0;0;FR;Le Monde;2017-08-17;Plusieurs comptes Twitter et Facebook de la chaîne HBO piratés;http://www.lemonde.fr/pixels/article/2017/08/17/plusieurs-comptes-twitter-et-facebook-de-la-chaine-hbo-pirates_5173288_4408996.html
300;248;52;0;0;FR;Libération;2019-03-19;Brigitte Bardot qualifie les Réunionnais de «population dégénérée» dans une lettre ouverte;https://www.liberation.fr/direct/element/brigitte-bardot-qualifie-les-reunionnais-de-population-degeneree-dans-une-lettre-ouverte_95286/
300;286;14;0;0;FR;Le Figaro;2018-02-06;Recyclage: le gouvernement veut créer une consigne pour les bouteilles en plastique;http://www.lefigaro.fr/conso/2018/02/06/20010-20180206ARTFIG00314-recyclage-le-gouvernement-veut-creer-une-consigne-pour-les-bouteilles-en-plastique.php
303;284;19;0;0;FR;Le Gorafi;2018-12-10;Horoscope du 10 décembre 2018;http://www.legorafi.fr/2018/12/10/horoscope-du-10-decembre-2018/
400;261;139;0;0;FR;Le Monde;2017-07-17;Incendies dans l’Ouest canadien : 37 000 personnes déplacées depuis neuf jours;http://www.lemonde.fr/planete/article/2017/07/17/incendies-dans-l-ouest-canadien-37-000-personnes-deplacees-depuis-9-jours_5161266_3244.html
401;384;17;0;0;FR;Libération;2017-09-05;La police britannique arrête quatre militaires néonazis à Birmingham;http://www.liberation.fr/planete/2017/09/05/la-police-britannique-arrete-quatre-militaires-neonazis-a-birmingham_1594316
401;398;2;1;0;FR;Le Figaro;2018-01-03;Les revenus maximaux pour ne pas être imposable en 2018;http://leparticulier.lefigaro.fr/jcms/p1_1708091/les-revenus-maximaux-pour-ne-pas-etre-imposable-en-2018
407;381;26;0;0;FR;Le Gorafi;2018-05-31;5 choses à savoir sur les bouteilles en plastique;http://www.legorafi.fr/2018/05/31/5-choses-a-savoir-sur-les-bouteilles-en-plastique/
500;440;60;0;0;FR;Le Monde;2017-08-29;En Afghanistan, un attentat-suicide dans le centre de Kaboul;http://www.lemonde.fr/international/article/2017/08/29/en-afghanistan-un-attentat-suicide-dans-le-centre-de-kaboul_5177970_3210.html
504;500;4;0;0;FR;Libération;2019-01-11;Booba annonce un combat de boxe contre Kaaris;https://www.liberation.fr/direct/element/booba-annonce-un-combat-de-boxe-contre-kaaris_92376/
499;429;70;0;0;FR;Le Figaro;2017-11-21;Uber révèle que les données de 57 millions d'utilisateurs ont été piratées;http://www.lefigaro.fr/flash-eco/2017/11/21/97002-20171121FILWWW00394-uber-revele-que-les-donnees-de-57-millions-d-utilisateurs-ont-ete-piratees.php
485;456;29;0;0;FR;Le Gorafi;2017-05-17;Les 5 défis qui attendent Emmanuel Macron;http://www.legorafi.fr/2017/05/17/les-5-defis-qui-attendent-emmanuel-macron/
700;260;416;0;24;FR;Le Monde;2017-10-22;Au Japon, victoire aux législatives sur fond de forte abstention pour le premier ministre Abe;http://www.lemonde.fr/asie-pacifique/article/2017/10/22/shinzo-abe-s-achemine-vers-une-large-victoire-aux-legislatives-japonaises_5204424_3216.html
1000;987;47;0;0;FR;Libération;2019-02-22;Manifestations émaillées de heurts à Alger contre un cinquième mandat de Bouteflika;https://www.liberation.fr/planete/2019/02/22/manifestations-emaillees-de-heurts-a-alger-contre-un-cinquieme-mandat-de-bouteflika_1711133
652;625;27;0;0;FR;Le Figaro;2018-02-27;Relation sexuelle avec une fille de 11 ans: une enquête pour viol ouverte;http://www.lefigaro.fr/flash-actu/2018/02/27/97001-20180227FILWWW00314-relation-sexuelle-avec-une-fille-de-11-ans-une-enquete-pour-viol-ouverte.php
1000;981;43;0;0;FR;Le Gorafi;2019-04-04;Emmanuel Macron propose une réforme du statut géologique insulaire de la Corse;http://www.legorafi.fr/2019/04/04/emmanuel-macron-propose-une-reforme-du-statut-geologique-insulaire-de-la-corse/
2000;1900;82;2;0;FR;Le Monde;2017-06-24;Le bassin de la Villette temporairement fermé à la baignade;http://www.lemonde.fr/societe/article/2017/07/24/le-bassin-de-la-villette-temporairement-ferme-a-la-baignade_5164497_3224.html
2000;1900;51;0;0;FR;Libération;2018-11-27;Le café en capsules est-il mauvais pour la santé ?;https://www.liberation.fr/checknews/2018/11/27/le-cafe-en-capsules-est-il-mauvais-pour-la-sante_1693118
2000;2000;34;0;0;FR;Le Figaro;2018-11-29;Sylvester Stallone quitte ses gants de boxe : Rocky, c'est fini;http://www.lefigaro.fr/cinema/2018/11/29/03002-20181129ARTFIG00073-sylvester-stallone-quitte-ses-gants-de-boxe-rocky-c-est-fini.php
2000;1800;240;0;0;FR;Le Gorafi;2017-09-04;Qualifications / Coupe du Monde : le Luxembourg tenu en échec par la France;http://www.legorafi.fr/2017/09/04/qualifications-coupe-du-monde-le-luxembourg-tenu-en-echec-par-la-france/
4000;3900;110;0;0;FR;Le Monde;2019-03-10;En Tunisie, le ministre de la santé démissionne après le décès de 11 bébés dans une maternité;https://www.lemonde.fr/afrique/article/2019/03/10/en-tunisie-le-ministre-de-la-sante-demissionne-apres-le-deces-de-11-bebes-dans-une-maternite_5434009_3212.html
4000;4000;63;0;0;FR;Libération;2018-12-26;Le Japon va reprendre ouvertement la pêche commerciale à la baleine;https://www.liberation.fr/direct/element/le-japon-va-reprendre-ouvertement-la-peche-commerciale-a-la-baleine_91800/
4000;4000;12;0;0;FR;Le Figaro;2019-04-02;À 51 ans, Céline Dion devient la nouvelle égérie L'Oréal Paris;http://madame.lefigaro.fr/beaute/celine-dion-est-la-nouvelle-egerie-l-oreal-paris-020419-164541
4000;3600;462;0;0;FR;Le Gorafi;2017-11-02;Le CSA veut limiter à deux par journaliste les biographies d’Emmanuel Macron;http://www.legorafi.fr/2017/11/02/le-csa-veut-limiter-a-deux-par-journaliste-les-biographies-demmanuel-macron/
6000;5300;485;1;291;FR;Le Monde;2018-10-17;Le Canada légalise le cannabis;https://www.lemonde.fr/ameriques/article/2018/10/17/le-canada-devient-le-plus-grand-marche-de-vente-de-cannabis-recreatif_5370476_3222.html
5900;5600;275;1;0;FR;Libération;2018-10-06;Banksy s’autodétruit à Sotheby’s;https://next.liberation.fr/arts/2018/10/06/banksy-s-autodetruit-a-sotheby-s_1683648
6000;6000;22;0;0;FR;Le Figaro;2019-02-01;Les chutes du Niagara gelées par le froid extrême qui touche l’Amérique du nord;http://video.lefigaro.fr/figaro/video/les-chutes-du-niagara-gelees-par-le-froid-extreme-qui-touche-l-amerique-du-nord/5997268065001/
6100;5700;388;0;0;FR;Le Gorafi;2018-03-05;Italie : la droite populiste devance de peu l'extrême droite, la droite dure et l'ultra-droite;http://www.legorafi.fr/2018/03/05/italie-la-droite-populiste-devance-de-peu-lextreme-droite-la-droite-dure-et-lultra-droite/
10000;9200;749;1;1;FR;Le Monde;2018-05-29;Le journaliste russe Arkadi Babtchenko, critique virulent de Poutine, assassiné en Ukraine;https://www.lemonde.fr/europe/article/2018/05/29/le-journaliste-russe-arkadi-babtchenko-assassine-a-kiev_5306628_3214.html
10000;9900;100;0;13;FR;Libération;2018-12-08;Le Brésil refuse à Total une licence d'exploration dans l'embouchure de l'Amazone;https://www.liberation.fr/planete/2018/12/08/le-bresil-refuse-a-total-une-licence-d-exploration-dans-l-embouchure-de-l-amazone_1696812
10000;9500;214;0;278;FR;Le Figaro;2018-04-20;Natalie Portman annule un voyage en Israël pour ne pas soutenir Benyamin Nétanyahou;http://www.lefigaro.fr/cinema/2018/04/20/03002-20180420ARTFIG00161-nathalie-portman-annule-un-voyage-en-israel-et-boycotte-le-nobel-juif.php
10100;9800;215;0;0;FR;Le Gorafi;2018-12-03; Après son match nul contre le PSG, Bordeaux directement qualifié pour la prochaine Ligue des champions;http://www.legorafi.fr/2018/12/03/apres-son-match-nul-contre-le-psg-bordeaux-directement-qualifie-pour-la-prochaine-ligue-des-champions/
15100;14600;176;0;336;FR;Le Monde;2019-03-05;Le village de Laguiole fait annuler vingt marques qui usurpaient son nom;https://www.lemonde.fr/societe/article/2019/03/05/le-village-de-laguiole-fait-annuler-vingt-marques-qui-usurpaient-son-nom_5431848_3224.html
15500;14700;785;0;18;FR;Libération;2018-12-09;Manifs du 8 décembre : de nombreux journalistes visés et blessés par la police;https://www.liberation.fr/france/2018/12/09/manifs-du-8-decembre-de-nombreux-journalistes-vises-et-blesses-par-la-police_1696946
14900;14200;683;0;0;FR;Le Figaro;2018-04-03;Une fusillade fait 3 blessés au siège de YouTube, en Californie;http://www.lefigaro.fr/flash-actu/2018/04/03/97001-20180403FILWWW00347-usa-fusillade-en-cours-pres-du-siege-de-youtube-en-californie.php
15100;14600;518;0;0;FR;Le Gorafi;2017-08-01;L'auteur de la chanson “Despacito” retrouvé riche à son domicile;http://www.legorafi.fr/2017/08/01/lauteur-de-la-chanson-despacito-retrouve-riche-a-son-domicile/
20000;19500;497;2;0;FR;Le Monde;2019-02-28;L’Académie française se résout à la féminisation des noms de métiers;https://www.lemonde.fr/societe/article/2019/02/28/l-academie-francaise-se-resout-a-la-feminisation-des-noms-de-metiers_5429632_3224.html
20000;19600;430;0;0;FR;Libération;2019-01-03;Le Conseil d'Etat valide la chasse à la glu, la LPO saisit la Commission européenne;https://www.liberation.fr/france/2019/01/03/le-conseil-d-etat-valide-la-chasse-a-la-glu-la-lpo-saisit-la-commission-europeenne_1700892
20000;19800;229;0;0;FR;Le Figaro;2019-02-19;Un cimetière juif profané en Alsace;http://www.lefigaro.fr/flash-actu/2019/02/19/97001-20190219FILWWW00083-un-cimetiere-juif-profane-en-alsace.php
20300;19700;595;0;0;FR;Le Gorafi;2019-03-05;Décathlon crée une nouvelle polémique en commercialisant un pantacourt de running;http://www.legorafi.fr/2019/03/05/decathlon-cree-une-nouvelle-polemique-en-commercialisant-un-pantacourt-de-running/
40100;39000;1100;0;5;FR;Le Monde;2018-06-02;L’Assemblée vote une baisse drastique des logements accessibles aux personnes handicapées;https://www.lemonde.fr/logement/article/2018/06/02/l-assemblee-vote-une-baisse-drastique-des-logements-accessibles-aux-personnes-handicapees_5308721_1653445.html
41300;41100;189;0;0;FR;Libération;2018-11-29;L'Unesco inscrit le reggae de Jamaïque sur la liste du patrimoine culturel de l'Humanité;https://www.liberation.fr/direct/element/lunesco-inscrit-le-reggae-de-jamaique-sur-la-liste-du-patrimoine-culturel-de-lhumanite_90630/
39800;38900;961;0;0;FR;Le Figaro;2019-04-02;Deux djihadistes assignent l'État en justice;http://www.lefigaro.fr/actualite-france/2019/04/02/01016-20190402ARTFIG00071-deux-djihadistes-assignent-l-etat-en-justice.php
40700;38300;1800;0;598;FR;Le Gorafi;2018-07-25;Benalla possèderait une vidéo dans laquelle Macron se montre favorable à une mesure de gauche;http://www.legorafi.fr/2018/07/25/benalla-possederait-une-video-dans-laquelle-macron-se-montre-favorable-a-une-mesure-de-gauche/
59200;56200;2900;1;113;FR;Le Monde;2018-09-03;Incendie dans le Musée national de Rio : « Une partie de la tragédie aurait pu être évitée »;https://www.lemonde.fr/ameriques/article/2018/09/03/le-musee-national-de-rio-de-janeiro-ravage-par-d-immenses-flammes_5349306_3222.html
59400;57700;1700;2;0;FR;Libération;2018-10-24;Guyane : malgré 7 173 avis défavorables, Total autorisé à mener une campagne d'exploration pétrolière;https://www.liberation.fr/planete/2018/10/24/guyane-malgre-7-173-avis-defavorables-total-autorise-a-mener-une-campagne-d-exploration-petroliere_1687488
59800;59200;575;1;0;FR;Le Figaro;2019-02-12;La municipalité de Tournai choisit de détruire un pont médiéval pour améliorer la navigation;http://www.lefigaro.fr/culture/2019/02/12/03004-20190212ARTFIG00008-la-municipalite-de-tournai-choisit-de-detruire-un-pont-medieval-pour-ameliorer-la-navigation.php
61100;57500;3300;0;236;FR;Le Gorafi;2019-01-18;BFM TV va sortir un coffret des trois premières saisons d’Alexandre Benalla;http://www.legorafi.fr/2019/01/18/bfm-tv-va-sortir-un-coffret-des-trois-premieres-saisons-dalexandre-benalla/
99100;98100;988;1;27;FR;Le Monde;2019-04-03;Chicago élit une maire noire et homosexuelle, une première pour la ville;https://www.lemonde.fr/international/article/2019/04/03/chicago-elit-une-maire-noire-et-homosexuelle-une-premiere-pour-la-ville_5444932_3210.html
108100;107300;803;3;0;FR;Libération;2019-03-20;Comment la privatisation d'ADP a-t-elle pu être votée à 6 heures du matin avec 45 députés présents ?;https://www.liberation.fr/checknews/2019/03/20/comment-la-privatisation-d-adp-a-t-elle-pu-etre-votee-a-6-heures-du-matin-avec-45-deputes-presents_1716269
92600;83800;8800;0;0;FR;Le Figaro;2018-10-10;L'ONU souhaiterait remettre en cause l'interdiction de la burqa en France;http://www.lefigaro.fr/actualite-france/2018/10/10/01016-20181010ARTFIG00379-l-onu-souhaiterait-remettre-en-cause-l-interdiction-de-la-burqa-en-france.php
99200;92900;5500;0;829;FR;Le Gorafi;2018-09-25;La 7e économie mondiale menacée par l'arrivée soudaine de 58 personnes dans un bateau;http://www.legorafi.fr/2018/09/25/la-7e-economie-mondiale-menacee-par-larrivee-soudaine-de-58-personnes-dans-un-bateau/
158000;148100;9600;1;273;FR;Le Monde;2017-07-10;La sixième extinction de masse des animaux s’accélère;https://www.lemonde.fr/biodiversite/article/2017/07/10/la-sixieme-extinction-de-masse-des-animaux-s-accelere-de-maniere-dramatique_5158718_1652692.html
152500;146600;5200;5;684;FR;Libération;2019-02-07;Le gouvernement renonce à diviser par quatre les émissions de gaz à effet de serre de la France;https://www.liberation.fr/france/2019/02/07/le-gouvernement-renonce-a-diviser-par-quatre-les-emissions-de-gaz-a-effet-de-serre-de-la-france_1707943
152900;152100;780;0;0;FR;Le Figaro;2018-10-22;Fraude : 1,7 million d'euros d'allocations sociales détournées vers la Roumanie;http://www.lefigaro.fr/social/2018/10/22/20011-20181022ARTFIG00138-un-reseau-detourne-17-million-d-euros-d-allocations-sociales.php
148400;145500;2800;0;189;FR;Le Gorafi;2018-11-19;Les gilets jaunes tentent de bloquer la mer du Nord – 120 morts noyés;http://www.legorafi.fr/2018/11/19/les-gilets-jaunes-tentent-de-bloquer-la-mer-du-nord-120-morts-noyes/
200200;193900;6300;0;9;FR;Le Monde;2018-03-14;L’astrophysicien britannique Stephen Hawking est mort à 76 ans;https://www.lemonde.fr/disparitions/article/2018/03/14/l-astrophysicien-britannique-stephen-hawking-est-mort_5270467_3382.html
237400;235700;1100;100;511;FR;Le Figaro;2018-10-11;Cinq millions de Français vivent avec moins de 855 euros par mois;http://www.lefigaro.fr/conjoncture/2018/10/11/20002-20181011ARTFIG00231-cinq-millions-de-francais-vivent-avec-moins-de-855-euros-par-mois.php
201900;198100;3000;0;802;FR;Le Gorafi;2019-01-20;Le gouvernement autorise les chasseurs à réguler les populations de Gilets Jaunes;http://www.legorafi.fr/2019/01/29/le-gouvernement-autorise-les-chasseurs-a-reguler-les-populations-de-gilets-jaunes/
425300;414100;11100;73;15;FR;Le Monde;2019-04-15;Incendie de la cathédrale Notre-Dame de Paris, en direct : la flèche de l’édifice s’est effondrée;https://www.lemonde.fr/societe/live/2019/04/15/en-direct-un-important-incendie-est-en-cours-dans-la-cathedrale-notre-dame-de-paris_5450550_3224.html
342800;327800;14000;0;1000;FR;Le Gorafi;2018-09-18;Il traverse la rue et se fait percuter par un emploi;http://www.legorafi.fr/2018/09/18/il-traverse-la-rue-et-se-fait-percuter-par-un-emploi/
771000;757700;13300;0;0;FR;Le Monde;2017-06-30;Mort de Simone Veil, icône de la lutte pour les droits des femmes;https://www.lemonde.fr/disparitions/article/2017/06/30/mort-de-simone-veil-icone-de-la-lutte-pour-les-droits-des-femmes_5153554_3382.html
1200000;1200000;3900;7;0;FR;Le Figaro;2019-04-15;EN IMAGES - Un incendie en cours à Notre-Dame de Paris;http://www.lefigaro.fr/flash-actu/incendie-en-cours-a-notre-dame-20190415